record_id,source_vintage_year,year_basis,reporting_year,year_alignment_status,metric_number,metric_number_status,hftd_tier,hftd_crosswalk_status,line_type,line_type_crosswalk_status,overall_utility_risk,wildfire_risk,outage_program_risk,wildfire_likelihood,ignition_likelihood,equipment_caused_likelihood_of_ignition,contact_from_vegetation_likelihood_of_ignition,contact_from_object_likelihood_of_ignition,burn_likelihood,wildfire_consequence,wildfire_hazard_intensity,wildfire_exposure_potential,wildfire_vulnerability,psps_risk,psps_likelihood,psps_consequence,psps_exposure_potential,psps_vulnerability,peds_risk,peds_likelihood,peds_consequence,peds_exposure_potential,peds_vulnerability,wildfire_risk_crosswalk_status,outage_program_risk_crosswalk_status,comments,blank_meaning,utility_id,schema_version,source_revision,revision_selection_status,source_file,source_sheet,source_row,source_url,guideline_url
T14R-cfba9095da80651d,2023,q4_annual_update,2023,source_vintage_equals_reporting_year,,not_present_in_v3_1_or_v3_2_schema,HFTD Tier 2,split_legacy_hftd_area,Distribution,split_legacy_hftd_area,0.05320885,0.031982153,,,0.013221742,0.03454,0.025,0.02837,,542.852865,,,,0.021226697,0.132066811,49.94401709,,,,,,,,legacy_ignition_risk_mapped_to_v4_wildfire_risk,not_in_legacy_schema; legacy_psps_risk_is_not_full_v4_outage_program_risk,,,SDG&E,v3.1,R0,highest_local_q4_revision,SDGE_2023_Q4_Tables1-15.xlsx,Table 14,11,,https://efiling.energysafety.ca.gov/eFiling/Getfile.aspx?fileid=53475&shareable=true
T14R-d027642fceb66a7c,2023,q4_annual_update,2023,source_vintage_equals_reporting_year,,not_present_in_v3_1_or_v3_2_schema,HFTD Tier 3,split_legacy_hftd_area,Distribution,split_legacy_hftd_area,0.149265514,0.131191852,,,0.039709745,0.06088,0.02857,0.05228,,719.6897117,,,,0.018073663,0.169926566,22.86322354,,,,,,,,legacy_ignition_risk_mapped_to_v4_wildfire_risk,not_in_legacy_schema; legacy_psps_risk_is_not_full_v4_outage_program_risk,,,SDG&E,v3.1,R0,highest_local_q4_revision,SDGE_2023_Q4_Tables1-15.xlsx,Table 14,12,,https://efiling.energysafety.ca.gov/eFiling/Getfile.aspx?fileid=53475&shareable=true
T14R-91648dc0943bf225,2023,q4_annual_update,2023,source_vintage_equals_reporting_year,,not_present_in_v3_1_or_v3_2_schema,Non-HFTD,split_legacy_hftd_area,Distribution,split_legacy_hftd_area,,,,,,,,,,,,,,,,,,,,,,,,legacy_ignition_risk_mapped_to_v4_wildfire_risk,not_in_legacy_schema; legacy_psps_risk_is_not_full_v4_outage_program_risk,,,SDG&E,v3.1,R0,highest_local_q4_revision,SDGE_2023_Q4_Tables1-15.xlsx,Table 14,10,,https://efiling.energysafety.ca.gov/eFiling/Getfile.aspx?fileid=53475&shareable=true
T14R-8421ca01f5c1461f,2023,q4_annual_update,2023,source_vintage_equals_reporting_year,,not_present_in_v3_1_or_v3_2_schema,HFTD Tier 2,split_legacy_hftd_area,Transmission,split_legacy_hftd_area,,,,,,,,,,,,,,,,,,,,,,,,legacy_ignition_risk_mapped_to_v4_wildfire_risk,not_in_legacy_schema; legacy_psps_risk_is_not_full_v4_outage_program_risk,,,SDG&E,v3.1,R0,highest_local_q4_revision,SDGE_2023_Q4_Tables1-15.xlsx,Table 14,14,,https://efiling.energysafety.ca.gov/eFiling/Getfile.aspx?fileid=53475&shareable=true
T14R-420a4d94f11d185f,2023,q4_annual_update,2023,source_vintage_equals_reporting_year,,not_present_in_v3_1_or_v3_2_schema,HFTD Tier 3,split_legacy_hftd_area,Transmission,split_legacy_hftd_area,,,,,,,,,,,,,,,,,,,,,,,,legacy_ignition_risk_mapped_to_v4_wildfire_risk,not_in_legacy_schema; legacy_psps_risk_is_not_full_v4_outage_program_risk,,,SDG&E,v3.1,R0,highest_local_q4_revision,SDGE_2023_Q4_Tables1-15.xlsx,Table 14,15,,https://efiling.energysafety.ca.gov/eFiling/Getfile.aspx?fileid=53475&shareable=true
T14R-9ab023f0b9b5e032,2023,q4_annual_update,2023,source_vintage_equals_reporting_year,,not_present_in_v3_1_or_v3_2_schema,Non-HFTD,split_legacy_hftd_area,Transmission,split_legacy_hftd_area,,,,,,,,,,,,,,,,,,,,,,,,legacy_ignition_risk_mapped_to_v4_wildfire_risk,not_in_legacy_schema; legacy_psps_risk_is_not_full_v4_outage_program_risk,,,SDG&E,v3.1,R0,highest_local_q4_revision,SDGE_2023_Q4_Tables1-15.xlsx,Table 14,13,,https://efiling.energysafety.ca.gov/eFiling/Getfile.aspx?fileid=53475&shareable=true
T14R-616abaa768b63656,2024,q4_annual_update,2024,source_vintage_equals_reporting_year,,not_present_in_v3_1_or_v3_2_schema,HFTD Tier 2,split_legacy_hftd_area,Distribution,split_legacy_hftd_area,0.047538437,0.031982153,,,0.013221742,0.03454,0.025,0.02837,,542.852865,,,,0.015556283,4.046583368,412.8922544,,,,,,,,legacy_ignition_risk_mapped_to_v4_wildfire_risk,not_in_legacy_schema; legacy_psps_risk_is_not_full_v4_outage_program_risk,,,SDG&E,v3.2,R1,local_q4_r1_used; official_q4_r2_exists_but_documented_revision_concerns_lightning_arrester_record_not_table14,SDGE_2024_Q4_Tables1-15_R1.xlsx,Table 14,11,https://efiling.energysafety.ca.gov/eFiling/Getfile.aspx?docket=2025+Data+Submissions&fileid=59226&shareable=true,https://efiling.energysafety.ca.gov/eFiling/Getfile.aspx?fileid=56226&shareable=true
T14R-c152568363108840,2024,q4_annual_update,2024,source_vintage_equals_reporting_year,,not_present_in_v3_1_or_v3_2_schema,HFTD Tier 3,split_legacy_hftd_area,Distribution,split_legacy_hftd_area,0.154703445,0.131191852,,,0.039709745,0.06088,0.02857,0.05228,,719.6897117,,,,0.023511593,8.74894482,192.7886482,,,,,,,,legacy_ignition_risk_mapped_to_v4_wildfire_risk,not_in_legacy_schema; legacy_psps_risk_is_not_full_v4_outage_program_risk,,,SDG&E,v3.2,R1,local_q4_r1_used; official_q4_r2_exists_but_documented_revision_concerns_lightning_arrester_record_not_table14,SDGE_2024_Q4_Tables1-15_R1.xlsx,Table 14,12,https://efiling.energysafety.ca.gov/eFiling/Getfile.aspx?docket=2025+Data+Submissions&fileid=59226&shareable=true,https://efiling.energysafety.ca.gov/eFiling/Getfile.aspx?fileid=56226&shareable=true
T14R-3d32c3153b25f66d,2024,q4_annual_update,2024,source_vintage_equals_reporting_year,,not_present_in_v3_1_or_v3_2_schema,Non-HFTD,split_legacy_hftd_area,Distribution,split_legacy_hftd_area,,,,,,,,,,,,,,,,,,,,,,,,legacy_ignition_risk_mapped_to_v4_wildfire_risk,not_in_legacy_schema; legacy_psps_risk_is_not_full_v4_outage_program_risk,,,SDG&E,v3.2,R1,local_q4_r1_used; official_q4_r2_exists_but_documented_revision_concerns_lightning_arrester_record_not_table14,SDGE_2024_Q4_Tables1-15_R1.xlsx,Table 14,10,https://efiling.energysafety.ca.gov/eFiling/Getfile.aspx?docket=2025+Data+Submissions&fileid=59226&shareable=true,https://efiling.energysafety.ca.gov/eFiling/Getfile.aspx?fileid=56226&shareable=true
T14R-3d48d94c971eea66,2024,q4_annual_update,2024,source_vintage_equals_reporting_year,,not_present_in_v3_1_or_v3_2_schema,HFTD Tier 2,split_legacy_hftd_area,Transmission,split_legacy_hftd_area,,,,,,,,,,,,,,,,,,,,,,,,legacy_ignition_risk_mapped_to_v4_wildfire_risk,not_in_legacy_schema; legacy_psps_risk_is_not_full_v4_outage_program_risk,,,SDG&E,v3.2,R1,local_q4_r1_used; official_q4_r2_exists_but_documented_revision_concerns_lightning_arrester_record_not_table14,SDGE_2024_Q4_Tables1-15_R1.xlsx,Table 14,14,https://efiling.energysafety.ca.gov/eFiling/Getfile.aspx?docket=2025+Data+Submissions&fileid=59226&shareable=true,https://efiling.energysafety.ca.gov/eFiling/Getfile.aspx?fileid=56226&shareable=true
T14R-83268bf391eab228,2024,q4_annual_update,2024,source_vintage_equals_reporting_year,,not_present_in_v3_1_or_v3_2_schema,HFTD Tier 3,split_legacy_hftd_area,Transmission,split_legacy_hftd_area,,,,,,,,,,,,,,,,,,,,,,,,legacy_ignition_risk_mapped_to_v4_wildfire_risk,not_in_legacy_schema; legacy_psps_risk_is_not_full_v4_outage_program_risk,,,SDG&E,v3.2,R1,local_q4_r1_used; official_q4_r2_exists_but_documented_revision_concerns_lightning_arrester_record_not_table14,SDGE_2024_Q4_Tables1-15_R1.xlsx,Table 14,15,https://efiling.energysafety.ca.gov/eFiling/Getfile.aspx?docket=2025+Data+Submissions&fileid=59226&shareable=true,https://efiling.energysafety.ca.gov/eFiling/Getfile.aspx?fileid=56226&shareable=true
T14R-9e15cd63a7ddaebe,2024,q4_annual_update,2024,source_vintage_equals_reporting_year,,not_present_in_v3_1_or_v3_2_schema,Non-HFTD,split_legacy_hftd_area,Transmission,split_legacy_hftd_area,,,,,,,,,,,,,,,,,,,,,,,,legacy_ignition_risk_mapped_to_v4_wildfire_risk,not_in_legacy_schema; legacy_psps_risk_is_not_full_v4_outage_program_risk,,,SDG&E,v3.2,R1,local_q4_r1_used; official_q4_r2_exists_but_documented_revision_concerns_lightning_arrester_record_not_table14,SDGE_2024_Q4_Tables1-15_R1.xlsx,Table 14,13,https://efiling.energysafety.ca.gov/eFiling/Getfile.aspx?docket=2025+Data+Submissions&fileid=59226&shareable=true,https://efiling.energysafety.ca.gov/eFiling/Getfile.aspx?fileid=56226&shareable=true
T14R-7e8585b60e90cc6c,2025,annual_wmp_submission_vintage,2026,2025_submission_vintage_reports_2026_risk_year,2140000000,v4_native_corrected_214_prefix,HFTD Tier 2,v4_native,Distribution,v4_native,991611273.878383,940601834.296229,51009439.582155,,6.20657699999999,0.00217,0.000516,0.003344,,151549208.895052,,,,49600929.9677963,28.7263647999999,1726669.22226777,,,1408509.61435886,1.9841094,709895.137011529,,,v4_native,v4_native,"- Wildfire Likelihood - Ignition Likelihood is reported from the WiNGS-Planning output and the likelihood of that ignition turning into a wildfire is accounted for directly in the Monte Carlo risk event simulation, leveraging probabilistic sampling of fire impact simulation distributions associated to a assessed ignition event occurrence. - Burn Likelihood - Subject matter expertise is used to select a representation of the worst fire weather days in the service territory and simulated ignition events are probabilistically mapped to days that fall within the temporal span of the worst fire weather day dataset. The burn probability is assumed to be 100% for these days represented worst fire weather days. - Wildfire Hazard Intensity - It's captured in Wildfire Consequence, not captured separately. - Wildfire Exposure Potential - It's captured in Wildfire Consequence, not captured separately. - PSPS Exposure Potential - Field not reportable because intermediate risk metric is not broken out within the model and is instead embedded within PSPS Consequence calculation, including count and type of customers expected to be impacted. - PSPS Vulnerability - Field not reportable because intermediate risk metric is not broken out within the model and is instead embedded within PSPS Consequence calculation, including count and type of vulnerable customers expected to be impacted. - PEDS Exposure Potential - Field not reportable because intermediate risk metric is not broken out within the model and is instead embedded within PEDS Consequence calculation, including count and type of customers expected to be impacted.",not applicable,SDG&E,v4.01,R1,uploaded_official_r1_highest_identified_revision,SDGE_2026-WMP_R1_Tabular Wildfire Mitigation Annual-WMP Data.xlsx,Table 14,2,https://efiling.energysafety.ca.gov/eFiling/Getfile.aspx?docket=2025+Data+Submissions&fileid=58977&shareable=true,https://efiling.energysafety.ca.gov/eFiling/Getfile.aspx?fileid=58132&shareable=true
T14R-29d493e22731d03c,2025,annual_wmp_submission_vintage,2026,2025_submission_vintage_reports_2026_risk_year,2140000001,v4_native_corrected_214_prefix,HFTD Tier 3,v4_native,Distribution,v4_native,1911755775.90838,1870251871.48508,41503904.4233018,,6.82786939999999,0.00181,0.000305,0.00202,,273914417.795554,,,,40122207.67684,55.6370738,721141.586652604,,,1381696.74646181,1.94604839999999,710001.224256196,,,v4_native,v4_native,see row 2,not applicable,SDG&E,v4.01,R1,uploaded_official_r1_highest_identified_revision,SDGE_2026-WMP_R1_Tabular Wildfire Mitigation Annual-WMP Data.xlsx,Table 14,3,https://efiling.energysafety.ca.gov/eFiling/Getfile.aspx?docket=2025+Data+Submissions&fileid=58977&shareable=true,https://efiling.energysafety.ca.gov/eFiling/Getfile.aspx?fileid=58132&shareable=true
T14R-cef8db822d101faa,2025,annual_wmp_submission_vintage,2026,2025_submission_vintage_reports_2026_risk_year,2140000004,v4_native_corrected_214_prefix,Non-HFTD,v4_native,Distribution,v4_native,129113916.244418,80962274.6894867,48151641.5549317,,9.466264,0.006725,0.001993,0.009963,,8552716.75177099,,,,45046438.7534791,11.8474303999999,3802211.72293016,,,3105202.80145247,4.373872,709943.68409786,,,v4_native,v4_native,see row 2,not applicable,SDG&E,v4.01,R1,uploaded_official_r1_highest_identified_revision,SDGE_2026-WMP_R1_Tabular Wildfire Mitigation Annual-WMP Data.xlsx,Table 14,6,https://efiling.energysafety.ca.gov/eFiling/Getfile.aspx?docket=2025+Data+Submissions&fileid=58977&shareable=true,https://efiling.energysafety.ca.gov/eFiling/Getfile.aspx?fileid=58132&shareable=true
T14R-14d73cccba6a2306,2025,annual_wmp_submission_vintage,2026,2025_submission_vintage_reports_2026_risk_year,2140000002,v4_native_corrected_214_prefix,HFTD Tier 2,v4_native,Transmission,corrected_source_typo_transmision,,,,,,,,,,,,,,,,,,,,,,,,v4_native,v4_native,,not applicable,SDG&E,v4.01,R1,uploaded_official_r1_highest_identified_revision,SDGE_2026-WMP_R1_Tabular Wildfire Mitigation Annual-WMP Data.xlsx,Table 14,4,https://efiling.energysafety.ca.gov/eFiling/Getfile.aspx?docket=2025+Data+Submissions&fileid=58977&shareable=true,https://efiling.energysafety.ca.gov/eFiling/Getfile.aspx?fileid=58132&shareable=true
T14R-bab377e5a00383f7,2025,annual_wmp_submission_vintage,2026,2025_submission_vintage_reports_2026_risk_year,2140000003,v4_native_corrected_214_prefix,HFTD Tier 3,v4_native,Transmission,corrected_source_typo_transmision,,,,,,,,,,,,,,,,,,,,,,,,v4_native,v4_native,,not applicable,SDG&E,v4.01,R1,uploaded_official_r1_highest_identified_revision,SDGE_2026-WMP_R1_Tabular Wildfire Mitigation Annual-WMP Data.xlsx,Table 14,5,https://efiling.energysafety.ca.gov/eFiling/Getfile.aspx?docket=2025+Data+Submissions&fileid=58977&shareable=true,https://efiling.energysafety.ca.gov/eFiling/Getfile.aspx?fileid=58132&shareable=true
T14R-47f962815bc89ca9,2025,annual_wmp_submission_vintage,2026,2025_submission_vintage_reports_2026_risk_year,2140000005,v4_native_corrected_214_prefix,Non-HFTD,v4_native,Transmission,corrected_source_typo_transmision,,,,,,,,,,,,,,,,,,,,,,,,v4_native,v4_native,,not applicable,SDG&E,v4.01,R1,uploaded_official_r1_highest_identified_revision,SDGE_2026-WMP_R1_Tabular Wildfire Mitigation Annual-WMP Data.xlsx,Table 14,7,https://efiling.energysafety.ca.gov/eFiling/Getfile.aspx?docket=2025+Data+Submissions&fileid=58977&shareable=true,https://efiling.energysafety.ca.gov/eFiling/Getfile.aspx?fileid=58132&shareable=true
